beta,alpha,minobsnode,base,misclass_rate_test,cvfold,V,burn,ndraw,pb,pbd,kfac,nc,seedvalue
1,0.99,5,car,0.047619048,1,1*diag(p-1),500,1500,1,0.5,3,500,99
1,0.95,2,bus,0.095238095,2,1*diag(p-1),500,1500,1,0.5,3,500,99
1,0.95,2,train,0.023809524,3,1*diag(p-1),500,1500,1,0.5,3,500,99
3,0.99,2,bus,0.047619048,4,1*diag(p-1),500,1500,1,0.5,3,500,99
1,0.95,5,car,0.071428571,5,1*diag(p-1),500,1500,1,0.5,3,500,99
